Oak shortbow (u),54
Magic notepaper,30372
Carved oak bench,8566
Splitbark legs,3389
Hydrix ring,31857
Saradomin's blessing (2),20033
Fetch casket scroll,19621
Crystal halberd,32219
Akrisae's hood (broken),21742
Vampyre dust,3325
Gold bracelet,11069
Silver dust,7650
Ruby bolts (e),9242
Initiate harness f,23125
Off-hand dragon scimitar,25758
Herbcall scroll,12422
Adamant kiteshield (g),2611
Call to arms scroll,12443
Flighted ogre arrow,2865
Mutated vine,21358
Arctic bear pouch,12057
Egg and tomato,7064
Ardougne teleport,8011
Amulet of glory (t),10362
Moonlight mead (2),5813
Scrimshaw of cruelty,26307
Ogre coffin key,4850
Black plateskirt (h3),19213
Corrupt morrigan's leather body,13944
Chaos tiara,5543
Grifolic poncho,22478
Helm of neitiznot,10828
Coconut shell,5978
Chef's delight (m3),5911
Shield right half,2368
Saradomin vambraces,10384
Axeman's folly (m),5753
Armadyl robe legs,19386
Raw bass,363
Apple mush,5992
Avantoe potion (unf),103
Saradomin chaps,10388
Bronze hasta,11367
Larupia hat,10045
Dorgeshuun c'bow,8880
Fiyr remains,3404
Dragon platelegs,4087
Team-25 cape,4363
Guthix rest flask (4),29452
Shears,1735
Super restore mix (1),11495
Stripy pirate shirt,13362
Statius's warhammer,13902
Cyclopean helmet,20070
White plateskirt,6627
Initiate harness m,9668
Pernix armour set,30905
Bull ant pouch,12087
Rune platelegs (t),2625
Bright energy,29315
Portable range,31042
Morrigan's leather chaps,13873
Mind talisman,1448
Grand seed pod,9469
Teak kitchen table,8532
Skewered bird meat,9984
Corrupt zuriel's robe top,13932
Iron 2h crossbow,25921
Grimy fellstalk,21626
Insignia recharge,31926
Belladonna seed,5281
Studded leather gloves,25877
Mixture - step 1 (4),10909
Calquat fruit,5980
Pink robe bottoms,646
Beer glass,1919
Obsidian cape,6568
Strawberries (5),5406
Bandos warshield,25019
Weapon poison++ (1),25507
Green elegant legs,10414
Fat snail meat,3373
Whiteberry seed,5105
Bones to bananas,8014
Axeman's folly (m4),5905
Proselyte hauberk,9674
Unburden scroll,12431
Third-age platelegs,10346
Carapace torso,25859
Saradomin platelegs,2663
Off-hand iron crossbow,25883
Staff of water,1383
Rock-shell boots,6145
Unstrung emblem,1720
Premade choc s'dy,2030
Vial,229
Beetle bits,12127
Orange feather,10091
Crystal orb,32216
Ganodermic flake,22451
Robe top,2936
Curry,2011
Off-hand bronze scimitar,25743
Bronze throwing axe,800
Lantadyme seed,5302
Wyvern bones,6812
Black elegant legs,10402
Triangle sandwich,6962
Green elegant skirt,10434
Initiate tasset,23122
Beaver pouch,12021
Ahrim's staff,4710
Batwing,25549
Games necklace (8),3853
M'light mead (m1),5891
Guthix body,10378
Jangerberries,247
Steel pickaxe,1269
Initiate sallet,5574
Tarromin seed,5293
Bandos cloak,19370
Asgarnian ale (4),5785
Crafting potion (2),14842
Bronze sq shield,1173
Black robe top,581
Raw swamp paste,1940
Relicym's balm (4),4842
Adamant crossbow,9183
Black full helm (t),2587
Explode scroll,12834
Cup of water,4458
Jute fibre,5931
Green boots,628
Mystic gloves,4115
Off-hand black dagger,25698
Battle robe bottom 0,12885
Oak stock,9442
Crystal ward,32237
Hunters' crossbow,10156
Guthan's chainskirt,4730
Anti-p supermix (2),11473
Air talisman,1438
Saradomin platebody,2661
Ancient body,19445
Rune platebody (g),2615
Zamorak robe,1035
Super Guthix rest (2),28211
Wergali potion (unf),14856
Fire titan pouch,12802
Earth rune,557
Steel limbs,9425
Sparkling energy,29317
Raw swordfish,371
Phoenix pouch,14623
Black platelegs (h4),19232
Lumber Yard Teleport,19480
Archers' ring,6733
Raurg bones,4832
Grifolic gloves,25879
Zogre bones,4812
Spirit weed potion (unf),12181
Adamant bar,2361
Kebbit teeth dust,10111
Frog-leather body,10954
Fancy teak dresser,8604
Earth impling jar,11244
Ogre arrow shaft,2864
Restore potion (4),2430
Dagon'hai robe bottom,14501
Cider (m2),5925
Imphide shield,25855
Antipoison (3),175
Royal d'hide body,24382
Dwarven stout (m4),5857
Super Zamorak brew (3),28201
Rune kiteshield (g),2621
Adamant shield (h4),7352
Dragon bitter (3),5807
Blue feather,10089
Evil flames scroll,12448
Armadyl page 1,19604
Toadflax seed,5296
Cream robe bottoms,652
Armadyl page 2,19605
Red salamander,10147
Team-11 cape,4335
Cider (2),5845
Off-hand adamant knife,25900
Pirate impling jar,13337
Master wand,6914
Mithril limbs,9427
Carapace legs,25861
Banana,1963
Guthix coif,10382
Poison chalice,197
Pengatrice egg,12117
Mithril helm,1143
Carved oak table,8552
Saradomin hilt,11706
Steel throwing axe,802
Grimy marrentill,201
Steel boots,4123
Olive oil (4),3422
Cabbage,1965
Sapphire necklace,1656
Mint cake,9475
Crafting potion (4),14838
Raw rocktail,15270
Raw admiral pie,7196
Mahogany dresser,8606
Potato seed,5318
Blue elegant legs,10410
Off-hand mithril knife,25899
Off-hand adamant sword,25720
Steel scimitar,1325
Half a meat pie,2331
Teak table,8554
Barb bolttips,47
Off-hand iron claw,25935
Off-hand mithril scimitar,25751
Runite bolts (unf),9381
Greenman's ale (m3),5871
Harralander tar,10145
Black shield (h4),7350
Pink boots,626
Bronze platelegs,1075
Bullseye lantern,4548
Roast rabbit,7223
Super antipoison flask (6),23327
Giant ent pouch,12013
Toy doll,7763
Steel nails,1539
Guam tar,10142
Sp. cockatrice pouch,12095
Steel armour set (sk),11824
Mist rune,4695
Off-hand steel sword,25714
Black dart,3093
Rune brutal,4803
Poisonous blast scroll,12467
Spined body,6133
Marrentill seed,5292
Swamp lizard,10149
Frying pan,7441
Dragon platebody ornament kit (sp),19358
Ourg bones,14793
Dragon knife,31375
Juju teleport spiritbag,19967
Vis wax,32092
Bandit Camp Teleport,19476
Splitbark body,3387
Tuna and corn,7068
Bronze 2h crossbow,25919
Defence potion (1),137
Crystal chakram,32231
Smoke devil pouch,12085
Summoning potion (2),12144
Guthix plateskirt,3480
Emerald,1605
Infinity robes set,11874
Prayer potion (1),143
Oyster,407
Kingly impling jar,15517
Abyssal whip,4151
Adamant platebody (t),2599
Gianne dough,2171
Ranging potion (1),27510
Splitbark armour set,11876
Steel gauntlets,12991
Mystic air staff,1405
Harralander potion (unf),97
Body boots,20452
Oak shaving stand,8598
Thin snail meat,3369
Guthan's warspear,4726
Vodka,2015
Willow composite bow,10280
Dashing kebbit fur,10127
Moonlight mead (3),5815
Addy bull rush scroll,12465
Mystic steam staff,11738
Raw salmon,331
Swamp tar,1939
Sapphire glacialis,10018
Perfect juju farming potion (1),32761
Basilisk boots,32368
Bat bones,530
Iron knife,863
Torag's helm (broken),4956
Bacon,28640
Green robe bottoms,648
Third-age robe top,10338
Off-hand Ascension crossbow,28441
Celestial handwraps,31189
Agility flask (6),23411
Yellow feather,10090
Weapon poison++ flask (1),25543
Testudo scroll,12439
Guthix balance (unf),7658
Adamant dart,810
Irit seed,5297
Woven top,5028
Desert wyrm pouch,12049
Corrupt zuriel's hood,13938
Sp. saratrice pouch,12099
Mithril knife,866
Bone dagger,8872
Stretched hide,6173
Black spear,4580
Pike,351
Magic potion (4),27512
Off-hand iron battleaxe,25763
Barrows - Akrisae's set,21768
Rune arrow,892
Super Saradomin brew (4),28191
Honey badger pouch,12065
Lemon slices,2106
Spirit shards,12183
Mithril pickaxe,1273
Weapon poison flask (1),25519
Batwing shield,25802
Egg,1944
Black dragonhide set,11870
Dwarven stout (2),5773
Annihilate scroll,31401
Raw cod,341
Mithril plateskirt,1085
Strong fishing urn (nr),20338
Adamant platebody (h3),19215
Dragon bolts (e),9244
Mithril sword,1285
Swamp paste,1941
Karil's coif (broken),4932
Adamant kiteshield,1199
Strength mix (2),11443
Super defence mix (1),11499
Off-hand steel dart,25911
Mort myre fungus,2970
Strong woodcutting urn (nr),20314
Torstol potion (unf),111
Maple blackjack,6416
Kebbit spike,10105
Spined boots,6143
H.a.m. shirt,4298
Menaphite top,6402
Cracked mining urn (nr),20380
Tetsu body,26326
Team-29 cape,4371
Cosmic rune,564
Team-14 cape,4341
Barbarian assault ticket - wave 5,15468
Black bolts,13083
Drunk dragon,2092
Gold amulet,1692
White full helm,6623
White scimitar,6611
Wizard robe skirt (g),7386
Slimy eel,3379
Pineapple chunks,2116
Bronze kiteshield,1189
Unicorn horn dust,235
Grimy kwuarm,213
Akrisae's robe skirt (broken),21766
Infinity boots,6920
Restore mix (2),11449
Off-hand steel battleaxe,25765
Grimy torstol,219
Royal sight,24344
Uncut opal,1625
Off-hand demon slayer crossbow,27170
Fur,6814
Elder shieldbow,29611
Onion,1957
Off-hand rune battleaxe,25773
Chopped garlic,7074
Dwarven stout,1913
Clean fellstalk,21624
Runite ore,451
Lava rune,4699
Raw garden pie,7176
Blue dragonhide set,11866
Zamorak plateskirt,3478
Cooked crab meat,7521
Ancient mitre,19378
Off-hand black mace,25680
Loop half of a key,987
Team-49 cape,4411
Ranging potion (4),27504
Blessed spirit shield,13736
Rocktail soup,26313
Willow stock,9444
Guthix's gift flask (6),23179
Black platelegs (h5),19253
Adamant arrowheads,43
Chef's delight,8526
Armadyl gloves,25016
Ring of life,2570
Spike shot scroll,12456
Unlit dark fire arrows,29627
Off-hand mithril longsword,25733
Iron fire arrows,2533
Fletching potion (1),14852
Raw pawya meat,12535
Black spiky vambraces,10085
White longsword,6607
Evil turnip,12134
1/2 anchovy pizza,2299
Cider (m3),5927
Redberries,1951
Unstrung comp bow,4825
Poison ivy berries,6018
Pork pie,28656
Antipoison (4),2446
Weapon poison flask (2),25517
Fried mushrooms,7082
Barbarian assault ticket - hard wave 10,31908
White magic staff,6603
Chaos boots,20456
Dragon Rider helm,30930
Bandos full helm,19437
Adamant shield (h3),7346
Dragon bitter (2),5805
Lemon chunks,2104
Sardine,325
Santa hat,1050
Desert devil fur,10123
Pearl bolts,880
Spiny helmet,4551
Caviar,11326
Juju mining potion (1),20006
Zamorak brew (4),2450
Cider (1),5843
Abyssal lurker pouch,12037
Adamant arrow,890
Bone bolts,8882
Weapon poison+ (1),25499
Batwing gloves,25829
Ascendri bolts,31868
Rosemary,6014
Golden statuette,9034
Bond,29492
Juju woodcutting potion (1),20018
Fire battlestaff,1393
Ancient platebody,19398
Black crossbow,13081
Black platebody (h4),19230
Steel warhammer,1339
Mind bomb (m4),5881
Bracelet of clay,11074
Off-hand steel longsword,25729
Crystal key,989
Tarromin tar,10144
Imp horn wand,25642
Cockatrice egg,12109
Virtus armour set,30903
Black full helm (g),2595
Chef's delight (m4),5913
Off-hand mithril sword,25718
Unfired pot lid,4438
Ranging potion (2),27508
Silver bolts,9145
Karil's skirt (broken),4950
Earth tiara,5535
Blood nihil pouch,31410
Armadyl kiteshield,19425
Adamant helm,1145
Willow shortbow (u),60
Guthix stole,10472
Juju hunter potion (2),20025
Saradomin body,10386
Spirit spider pouch,12059
Accursed ashes,20266
Blamish red shell,3357
Mort myre pear,2974
Raw shrimps,317
Steel sq shield,1177
Albino rat pouch,12067
Guthix platelegs,2671
Redberry pie,2325
Dragon sq shield,1187
Prayer mix (1),11467
Adamant platebody (h2),19194
Royal crown,15509
Onyx bolts,9342
Saradomin's whisper,25028
Fishing potion (3),151
Armadyl buckler,25013
Attack potion (4),2428
Body tiara,5533
Fletching flask (6),23471
Blue hat,660
Steel hasta,11371
Torag's hammer (broken),4962
Iron mace,1420
Kebbit claws,10113
Uncooked egg,7076
Studded body (g),7362
Bloated leech pouch,12061
Acorn missile scroll,12457
Beginner wand,6908
Saradomin's hiss,25031
Guthan's chainskirt (broken),4926
Sp. coraxatrice pouch,12105
Guthix rest (1),4423
Gilded platelegs,3483
Smoke nihil pouch,31414
Penguin staff,19325
Sp. vulatrice pouch,12107
Riyl remains,3400
Black platelegs (t),2585
Zamorak robe top,10460
Oil lantern (oil),4537
Infernal ashes,20268
Diamond necklace,1662
Adamant javelin,829
Barrows - Verac's set,11856
Armadyl chainskirt,11722
Green partyhat,1044
Portent of degradation I,31313
Onyx amulet,6581
Staff of light,15486
Abyssal orb,30828
Teak pyre logs,6211
Attack mix (1),11431
Corrupt dragon helm,13961
Infinity gloves,6922
Swallow whole scroll,12438
White elegant skirt,10422
Carved teak magic wardrobe,9855
Zamorak's favour (1),20042
Purple elegant shirt,10416
Sliced mushrooms,7080
Team-23 cape,4359
Toad crunchies,2217
Mahogany fancy dress box,9867
Clay ring (unfired),20052
Ogre club,12570
Restore potion (1),131
Vesta's plateskirt,13893
Rune helm,1147
Onyx bracelet,11130
Emerald ring,1639
Mithril ore,447
Logs,1511
Diamond bolts,9340
Asgarnian ale (m),5739
Tribal top,6371
Rune essence,1436
Rune full helm,1163
Teleport to house,8013
Pie shell,2315
Royal dragonhide,24372
Scrimshaw of attack,26298
Vecna skull,20667
Super magic potion (4),3040
Energy potion (3),3010
Off-hand mithril mace,25682
Cooked chompy,2878
M'gany cape rack,9845
Coraxatrice egg,12119
Dwellberry seed,5103
Uncut sapphire,1623
Dragon battleaxe,1377
Oyster pearl,411
Steel sword,1281
Compost,6032
Saradomin brew (4),6685
Dragon gauntlets,13006
Raw shark,383
Mystic shield,25812
Off-hand leaf-bladed sword,25564
Scentless potion (2),20029
Dwarven stout (3),5775
Holy elixir,13754
Pigswill (m1),28675
Royal d'hide chaps,24379
Adamant full helm,1161
Dragonfire deflector,25562
Barbarian assault ticket - wave 8,15471
Barbarian assault ticket - wave 9,15472
Barbarian assault ticket - wave 6,15469
Barbarian assault ticket - wave 7,15470
Barbarian assault ticket - wave 4,15467
Flowers,2472
Barbarian assault ticket - wave 2,15465
Willow-blackjack,4600
Strength mix (1),11441
Tomato,1982
Studded leather boots,25823
Willow shieldbow,847
Super restore (1),3030
Magic stone,8788
Sirenic scale,29863
Rune sword,1289
Sapphire amulet,1694
Bucket of sand,1783
Steam rune,4694
Mithril dart tip,822
Oak shortbow,843
Scrimshaw of the elements,26301
White platebody,6617
Adamant hasta,11375
Mycelium poncho web,22456
Ancient ceremonial gloves,20131
Ancient ceremonial legs,20129
Dragon spear,1249
Light mystic robes set,11960
Wizard robe skirt,1011
Barberry seed,28266
Blamish myre shell,3355
Bladestorm drape,23048
Bandos robe top,19384
Black helm (h5),10314
Wooden spoon,7433
Fungal poncho,22466
Death lotus chaps,26348
Super strength mix (1),11487
Enchant ruby,8018
Ancient stole,19396
Vulatrice egg,12121
Marasamaw plant,19965
Fragile mining urn (nr),20386
Araxyte arrow,31737
Bronze dart tip,819
Chaos body,20446
Verac's plateskirt,4759
Steel claw,3097
Iron boots,4121
Fishing urn (nr),20332
Hair,10814
Adamant full helm (t),2605
Dragon boots,11732
Teak dining bench,8568
Ahrim's hood,4708
Zamorak's favour flask (6),23185
Combat hood 0,12969
Menap action kilt,6406
Off-hand steel knife,25898
Drygore mace,26595
Clean torstol,269
Winter storage scroll,12435
Dagannoth bones,6729
Mithril bolts (unf),9379
Vibrant energy,29319
Leaping salmon,11330
Off-hand dragon claw,25555
Vampyre bat pouch,12053
Bread dough,2307
Deathtouch bracelet,31878
Asgarnian ale (m4),5865
Corrupt dragon longsword,13982
Blue firelighter,7331
Onion seed,5319
Team-13 cape,4339
Mystic robe bottom,4113
Pale energy,29313
Rock-shell shard,6159
Malevolent cuirass,30008
Team-31 cape,4375
Spatula,7439
Dragon bitter (1),5803
Zamorak platebody,2653
Adamant shield (h2),7340
Pigswill (4),28673
Nasturtiums,6012
Cosmic helmet,20440
Granite maul,4153
Ring of stone,6583
Nuts,12130
Off-hand adamant crossbow,25889
Magic pyre logs,3448
Blue blossom seed,19927
Red topaz,1613
Tiara,5525
Antipoison+ (1),5949
Pumpkin,1959
Uncut jade,1627
Off-hand rune longsword,25737
Off-hand rune sword,25722
Mithril bar,2359
Robe bottoms,2938
Mind bomb (m3),5879
Oak dining table,8550
Royal leggings,15505
Weapon poison+ flask (2),25529
Greenman's ale (m1),5867
Pouch,12155
Pot of cream,2130
Iron gauntlets,12988
Runite bolts,9144
Rune warhammer,1347
Brass key,983
Tinderbox,590
Waterskin (4),1823
Steadfast boots,21787
Steel bolts (unf),9378
Ruby harvest,10020
Adamant platelegs (h5),19259
Gilded platebody,3481
Young impling jar,11240
Bandos stole,19394
Unicorn horn,237
Circular hide,6169
Pigswill (3),28671
Gleaming energy,29318
Onion & tomato,1875
Prickly pear seed,28259
Pith helmet,13103
Mackerel,355
Part mud pie,7166
Mithril arrow,888
Cider barrel,8518
Bronze wire,1794
Dagon'hai robe top,14497
Guam potion (unf),91
Granite helm,10589
White partyhat,1048
Studded body (t),7364
Varrock teleport,8007
Saratrice egg,12113
Clay ring,20053
Chaos helmet,20442
Team-8 cape,4329
Off-hand bronze mace,25674
Fishing potion (2),153
Fruit blast,2084
Black platelegs (g),2593
Beer,3803
Portent of restoration VII,29251
Steam battlestaff,11736
Adamant plateskirt (t),3474
Asgarnian ale (m3),5863
Oak logs,1521
Unpowered symbol,1722
Black d'hide shield,25800
Black helm (h3),10310
Part fish pie,7184
Red elegant blouse,10424
White mace,6601
Iron c'bow (u),9457
Adamant kiteshield (t),2603
Iron crossbow,9177
Corrupt zuriel's staff,13941
Rune plateskirt (h2),19206
Corrupt dragon sq shield,13964
Mithril platelegs,1071
Minced meat,7070
Zamorak brew flask (6),23339
Off-hand bronze warhammer,25779
Zamorak mitre,10456
White boots,6619
Green hat,658
Dragon bolt tips,9193
Bandit's brew,4627
Virtus mask,20159
Big fishing net,305
Citizen top,9640
Scrimshaw of ranging,26310
Super ranging flask (6),23303
Talon beast pouch,12794
Iron bolts,9140
Dragon bitter (m4),5889
Bruise blue snelm,3343
Mithril minotaur pouch,12079
Compost potion (3),6472
Numbing root,30778
Brown apron,1757
Moonlight mead (1),5811
Uncooked curry,2009
Adamant berserker shield 0,12920
Crayfish cage,13431
Glassblowing pipe,1785
Barrows - Torag's set,11854
Tatty larupia fur,10093
Black platebody (g),2591
Super strength (4),2440
Gilded wardrobe,8622
Zamorak's favour (2),20041
Rune platelegs (g),2617
Torva platelegs,20143
Weapon poison++ flask (3),25539
Jungle camo top,10057
Wildblood seed,5311
Rune platelegs (h3),19224
Healing aura scroll,12434
Bob shirt,10324
Super antipoison (4),2448
Corrupt vesta's chainbody,13911
Nail beast nails,10937
White gloves,6629
Fez,6382
Toy soldier,7759
Reefwalker's cape,30568
Dragon bolts,9341
Hunting mix (2),11517
Dragon scale dust,241
Adamant warhammer,1345
Hydrix,31855
Grimy avantoe,211
Crown of Seasons,28597
Shengo potion (unf),20001
Elemental body,18699
Magic potion (2),27516
Strong smelting urn (nr),20290
Elder pyre logs,29635
Tuna,361
Super magic potion (3),3042
Dragonstone amulet,1702
Off-hand black warhammer,25785
Bread,2309
Sign of respite II,29271
Forge regent pouch,12782
Energy potion (2),3012
Magic shortbow (u),72
Studded chaps (t),7368
Irit potion (unf),101
Proselyte tasset,9678
Bagged plant 1,8431
Rune plateskirt,1093
Zaryte bow,20171
Bird snare,10006
Strawberry seed,5323
Bandos hilt,11704
Torag's platelegs,4751
Antidote+ mix (1),11503
Necklace mould,1597
Saradomin sword,11730
Adamantite ore,449
Cannonball,2
Uncooked meat pie,2319
Pigswill (m2),28677
Armadyl boots,25010
Gilded clock,8594
Yak-hide armour (legs),10824
Shaikahan bones,3123
Statius's platebody,13884
Sacred oil (1),3436
Dragon fire arrows,11222
Reed seed,28263
Cooked sweetcorn,5988
Gilded plateskirt,3485
Granite (2kg),6981
Fellstalk potion (unf),21628
Seercull,6724
Corrupt vesta's longsword,13923
Meerkats pouch,19622
Empty sack,5418
Iron bolts (unf),9377
Bronze dagger,1205
Greenman's ale (2),5789
Armadyl chaps,19463
Steel of legends scroll,12825
Swamp weed,10978
Off-hand dragon dagger,25707
Abyssal wand,30825
Bandos page 3,19602
Field ration,7934
Hydrix amulet,31863
Uncut emerald,1621
Bandos page 2,19601
Dragon bones,536
Adamant platelegs (g),2609
Toad's legs,2152
Dwarf weed seed,5303
Rabbit snare,10031
Limestone brick,3420
Needle,1733
Ancient mace,11061
Mind body,18697
Spirit kalphite pouch,12063
Bandos vambraces,19451
Jogre bones,3125
Off-hand crystal dagger,32225
Leather cowl,1167
Black helm (h4),10312
Tatty graahk fur,10097
Stone statuette,9038
Cider,5763
Imp repellent,11262
Papyrus,970
Forinthry brace (5),11095
Guthix crozier,10442
Barbarian assault ticket - hard wave 2,31900
Barbarian assault ticket - hard wave 3,31901
Barbarian assault ticket - hard wave 4,31902
Blue d'hide body,2499
Barbarian assault ticket - hard wave 6,31904
Barbarian assault ticket - hard wave 7,31905
Barbarian assault ticket - hard wave 8,31906
Super energy (1),3022
Spirit graahk pouch,12810
Chargebow,19830
Off-hand black scimitar,25749
Off-hand iron dagger,25694
Ragefire boots,21793
Black elegant shirt,10400
Off-hand dragon knife,31376
Off-hand iron knife,25896
Grenwall spikes,12539
Petrifying gaze scroll,12458
Cloak of Seasons,31396
Gold ring,1635
Jade bolt tips,9187
Rune kiteshield (t),2629
Priest gown,428
Snowy knight,10016
Tiara mould,5523
Fragile smelting urn (nr),20278
Potion flask,23191
Red elegant skirt,10426
Yellow flowers,2466
Hydrix necklace,31859
Kebab mix,1881
Garb of subjugation,24995
Raw jubbly,7566
Watermelon slice,5984
Zombie impling jar,15515
Premade s'y crunch,2241
Spirit jelly pouch,12027
Incomplete hydrix,31851
Dragon rider gloves,25318
Erzille potion (unf),19998
Elemental shield,2890
Toktz-xil-ek,6525
Rune helm (h4),10292
Adamant shield (h1),7334
Sandstone (10kg),6977
Armadyl battlestaff,21777
Torag's helm,4745
Agility mix (1),11463
Grimy toadflax,3049
Death rune,560
Chocolate slice,1901
Infinity bottoms,6924
Pat of butter,6697
Scentless potion (1),20030
Weapon poison+ (3),25495
Wolf bone arrowheads,2861
Rune arrowheads,44
White kiteshield,6633
Glowing energy,29316
Mystic mud staff,6563
Bandos mitre,19376
Akrisae's hood,21736
Wand of treachery,27641
Barrel,3216
Antifire (4),2452
Wizard wand,25646
Wizard robe top (g),7390
Meat pizza,2293
Premade wiz blz'd,2040
Cup of hot water,4460
Mind bomb (m2),5877
Wooden bookcase,8510
Oak armour case,9859
Dwarf weed potion (unf),109
Diamond bolts (e),9243
Bronze plateskirt,1087
Chef's delight (m2),5909
Adamant bolts (unf),9380
Weapon poison+ flask (3),25527
Maple shortbow (u),64
Adamant gauntlets,13000
Strength potion (4),113
Spirit terrorbird pouch,12007
Iron throwing axe,801
Frog-leather boots,10958
Bronze bolts,877
Team-44 cape,4401
Mystic earth staff,1407
Orange,2108
Magic box,10025
Charcoal,973
Blue dye,1767
Imphide robe top,25847
Black dagger,1217
Ruby bolt tips,9191
Pure essence,7936
Spectral sigil,13752
Adamant platelegs (t),2601
Pre-nature amulet,6041
Harralander seed,5294
Mycelium visor web,22452
Onyx necklace,6577
Guthix cloak,10448
Clean marrentill,251
Enchant emerald,8017
Rune gauntlets,13003
Dragon sq shield ornament kit (or),19352
Mature cider,5765
Blue d'hide shield,25796
Iron nails,4820
Malevolent helm,30005
Teak fancy dress box,9866
Oak clock,8590
Off-hand bronze crossbow,25881
Torstol seed,5304
Rune full helm (g),2619
Divine sigil,13748
Team-37 cape,4387
Defence mix (2),11457
Dragon bitter,8524
Oak drawers,8612
Split log,10812
Barrows - Ahrim's set,11846
Kebab,1971
Grimy wergali,14836
Granite (500g),6979
Shadow nihil pouch,31412
Guthix rest (3),4419
Bronze warhammer,1337
Third-age kiteshield,10352
Titan's con. scroll,12824
Teak cape rack,9844
Super Saradomin brew (2),28195
Sandstone (5kg),6975
Barrows - Karil's set,11852
Black kiteshield (t),2589
Fish offcuts,11334
Bronze full helm,1155
Mort myre stem,2972
Armadyl page 3,19606
Armadyl rune,21773
Team-19 cape,4351
Wolf mask,13115
Grimy lantadyme,2485
Guthix platebody,2669
Sign of life,29290
Hydrix bolt tips,31867
Red spiky vambraces,10083
Bolas,21365
Air battlestaff,1397
Strong mining urn (nr),20398
Armadyl page 4,19607
Steel plateskirt,1083
Willow logs,1519
Stronghold notes,9004
Green dye,1771
Silver sickle,2961
Topaz bolts,9336
Cadantine potion (unf),107
Sanfew serum (1),10931
Zamorak's favour (3),20040
Sheep mask,13107
Tectonic energy,28627
Grifolic flake,22450
Rune plateskirt (g),3476
Blue dragon mask,19284
Amulet of farming (1),12608
Steel dart tip,821
Guam seed,5291
Weapon poison++ flask (2),25541
Guthix's gift (4),20035
Leather,1741
Adamant helm (h3),10300
Combat bracelet (4),11118
Torva platebody,20139
Rune spikeshield 0,12927
Kwuarm seed,5299
Half a garden pie,7180
Team-50 cape,4413
Ashes,592
Granite crab pouch,12009
Black helm (h2),10308
Immense heat scroll,12829
Black platebody (t),2583
Strength flask (6),23207
Grimy harralander,205
Cadava berries,753
Wizard gloves,25873
Soul rune,566
Black d'hide body,2503
Super ranging mix (2),11509
Off-hand dragon battleaxe,25776
Yellow partyhat,1040
Blue elegant skirt,10430
Butterfly net,10010
Red feather,10088
Zamorak kiteshield,2659
Magic potion (3),27514
Super magic potion (2),3044
Teak dresser,8602
Proselyte sallet,9672
Spade,952
Leaping sturgeon,11332
Off-hand rune mace,25686
Raw potato,1942
Energy potion (1),3014
Shield left half,2366
Dragon sq shield ornament kit (sp),19360
Newcomer map,550
Larupia fur,10095
Lavender,12572
Headless arrow,53
Weapon poison flask (6),25509
Green spiky vambraces,10079
Compost potion (2),6474
Oak cape rack,9843
Hunter potion (2),10002
Ganodermic gloves,25978
Dwarven stout (1),5771
Juju mining flask (6),23131
Green dragonhide set,11864
Raw trout,335
Oak kitchen table,8530
Sacred oil (2),3434
Druidic mage hood 0,12892
Onyx,6573
Third-age platebody,10348
Black shield (h3),7344
Magic mix (1),27502
Divine impling jar,31335
Super defence mix (2),11497
Acorn,5312
Corrupt dragon dagger,13976
Oranges (5),5396
Imphide gloves,25851
2/3 chocolate cake,1899
Sandstorm scroll,12446
Magic focus scroll,12437
Third-age full helmet,10350
Myre snelm,3337
Battlestaff,1391
Super Zamorak brew (4),28199
Bronze gauntlets,12985
Watermelon seed,5321
Orange boater,7321
Boots of subjugation,25004
Zamorak arrows,19162
Cake,1891
Dragon chain armour set (lg),11842
Tetsu platelegs,26327
Karambwan vessel,3157
Saradomin page 1,3827
Saradomin page 3,3829
Saradomin page 2,3828
Saradomin page 4,3830
Karil's coif,4732
Graahk fur,10099
Banana tree seed,5284
Armadyl hilt,11702
Ogre top,12563
Uncut ruby,1619
Long kebbit spike,10107
Energy mix (2),11453
Wizard blizzard,2054
Smelting urn (nr),20284
Elemental talisman,5516
Mind boots,20450
Bronze brutal,4773
Amulet of defence,1729
Luminous energy,29323
Maple blackjack (d),6420
Team-41 cape,4395
Falador teleport,8009
Off-hand rune throwing axe,25908
Oak toy box,9849
Skills necklace (4),11105
Pearl bolt tips,46
Ruby ring,1641
Studded chaps (g),7366
Fayrg bones,4830
Yanillian seed,5309
Arcane sigil,13746
Juju vial,19996
Super restore (3),3026
Feather headdress,12222
Verac's helm (broken),4980
Chopped onion,1871
Vesta's spear,13905
Fungal visor,22458
Premade blurb' sp.,2028
Blue d'hide coif,12943
Body body,18695
Body shield,18691
Axeman's folly (2),5821
Skeletal top,6139
Off-hand bronze claw,25933
Steel javelin,827
Ground guam,6681
Emerald bolts,9338
Yew stock,9452
Gadderhammer,7668
Armadyl chestplate,11720
Super attack mix (2),11469
Pyrelord pouch,12816
Dragon chain armour set (sk),11844
Armadyl vambraces,19459
Mushroom potato,7058
Dwarf cannon set,11967
Clean guam,249
Dissolve scroll,12453
Highwayman mask,2631
Cadavaberry seed,5102
Yellow bead,1472
Large teak bed,8584
Crafting potion (1),14844
Clean irit,259
Black mask (10),8901
Hard leather body,1131
Team-34 cape,4381
Off-hand iron sword,25712
Iron armour set (sk),11820
Broodoo shield (10),6259
Oak plank,8778
Weapon poison+ (2),25497
Proboscis,6319
Dagon'hai hat,14499
Antipoison+ (3),5945
Orange dye,1769
Karil's skirt,4738
Frost dragon mask,19293
Knife,946
Honeycomb,12156
Magic flask (6),27532
Giant frog legs,4517
Armadyl godsword,11694
Wheat,1947
Willow pyre logs,3442
Cracked woodcutting urn (nr),20296
Zuriel's staff,13867
Long kebbit bolts,10159
Gold bar,2357
Mind bomb (m1),5875
Forinthry brace (1),11103
Premade p' punch,2036
Gloves of silence,10075
Juju farming potion (3),20012
Steel dragon mask,19302
Royal spiky vambraces,25553
Prayer mix (2),11465
Spider wand,25650
Bones,526
Portent of restoration I,29239
Potato with cheese,6705
Rock-shell helm,6128
Portent of restoration V,29247
Ice nihil pouch,31416
Asyn remains,3402
Portent of restoration X,29257
Fremennik cloak,3789
Howl scroll,12425
Guthix kiteshield,2675
Strength amulet (t),10364
Body talisman,1446
Guthan's platebody,4728
Juju cooking potion (4),20007
Carapace gloves,25865
Wrapped oomlie,2341
Black chainbody,1107
Super Zamorak brew (1),28205
Zamorak page 2,3832
Zamorak page 3,3833
Snape grass seed,28262
Zamorak page 1,3831
Combat potion (3),9741
Barker toad pouch,12123
Zamorak page 4,3834
Water tiara,5531
Purple sweets,10476
Bandos boots,11728
Emerald bracelet,11076
Carapace,25551
Topaz bolts (e),9239
Holy mould,1599
Druidic mage bottom 0,12906
Dragon longsword,1305
Seismic singularity,28621
Meat pie,2327
Adamant platebody,1123
Raw rat meat,2134
Tectonic robe bottom,28614
Mithril hasta,11373
Red flowers,2462
Enchanted robe,7398
Dragon ward,31373
Asgarnian ale (m1),5859
Mithril javelin,828
Diamond,1601
Axeman's folly (m3),5903
Studded body,1133
Swordfish,373
Fruit bat pouch,12033
Ruined dragon armour lump,14472
Mahogany stock,9450
Garlic,1550
Ancient coif,19449
Guthix rest (2),4421
Agility potion (2),3036
Corrupt morrigan's javelin,13953
Juju hunter potion (3),20024
Verac's flail,4755
Ancient robe top,19382
Blue robe top,640
Pot of flour,1933
Cake tin,1887
Dragon scimitar,4587
Dragon bitter (m2),5885
Bandos coif,19457
Chitin scraps,26578
Plant cure,6036
Team-39 cape,4391
Cavefish,15266
Sanfew serum (2),10929
Rock-shell chunk,6157
Baked potato,6701
Guthix's gift (2),20037
Cat mask,13113
Uncooked apple pie,2317
Perfect juju woodcutting potion (4),32759
Pyre logs,3438
Iron ore,440
Fire tiara,5537
Dragon rider boots,25316
Loar remains,3396
Unblessed symbol,1716
Mithril battleaxe,1369
Snakeskin chaps,6324
Off-hand steel warhammer,25783
Cannon stand,8
Cream hat,662
Team-12 cape,4337
Adamant helm (h4),10302
Bronze arrowheads,39
Team-43 cape,4399
Opal machete,6313
Rune platelegs (h1),19182
Half a fish pie,7190
Adamant sword,1287
Antipoison mix (1),11435
Mixture - step 2 (1),10923
Super ranging mix (1),11511
Crystal tool seed,32208
Wine of Guthix,28253
Black plateskirt (h4),19234
White firelighter,10327
Adamant hatchet,1357
Toy mouse,7767
Super attack (1),149
Tin ore,438
Clean lantadyme,2481
Super magic potion (1),3046
Rune full helm (t),2627
Acne potion,195
Battle robe top 0,12878
Raw oomlie,2337
Manta ray,391
Mixture - step 2 (3),10919
Off-hand steel claw,25937
Steel arrow,886
Maple pyre logs,3444
Weapon poison flask (5),25511
Third-age range legs,10332
Off-hand dragon mace,25689
Team-24 cape,4361
Cooked chicken,2140
Strawberry,5504
Corrupt dragon plateskirt,13967
Monkey bones,3183
Runite c'bow (u),9465
Dragonstone hauberk,28539
Pernix cowl,20147
Green d'hide shield,25794
Carved evil turnip,12153
Phoenix quill,14616
Pigswill (m4),28681
Bandos page 4,19603
Snakeskin,6289
Bandos page 1,19600
Hunter potion (3),10000
Bronze 2h sword,1307
Steel hatchet,1353
Soft clay,1761
Red blossom seed,19922
Leather boots,1061
Sacred oil (3),3432
Iron hatchet,1349
Saradomin coif,10390
Herring,347
Granite legs,6809
Slime spray scroll,12459
Apple pie,2323
Mantis strike scroll,12450
Guthan's warspear (broken),4914
Pink skirt,1013
Weapon poison++ (4),25501
Pernix gloves,25058
Toktz-xil-ul,6522
Gem-finding scrimshaw,26292
Roll,6963
Ganodermic visor,22482
Coconut milk,5935
Rune platebody (h4),19242
Third-age druidic wreath,19314
Wood camo top,10053
Adamant dart tip,823
Oak shieldbow,845
Polar kebbit fur,10117
Shaving stand,8596
Spider silk gloves,25843
Pot lid,4440
Ascension shard,28436
Ancient plateskirt,19404
Mithril spear,1243
Juju fishing potion (1),20022
Mahogany armchair,8508
Steel 2h sword,1311
Unfinished broad bolts,13279
Combat flask (6),23447
2/3 evil turnip,12136
Purple elegant legs,10418
Granite mace,14679
Leaves,6030
Void spinner pouch,12780
H.a.m. robe,4300
Oak chair,8502
Granite (5kg),6983
Corrupt statius's platebody,13908
Black plateskirt (g),3473
Magic shortbow,861
Super energy (3),3018
Willow shortbow,849
Spottier cape,10071
Desert boots,1837
Graahk top,10049
Lobster,379
Orange chunks,2110
Weapon poison++ flask (6),25533
Granite body,10564
Super restore (2),3028
Premade t'd crunch,2243
Brass necklace,1009
Wolf staff,19329
Earmuffs,4166
Mithril brutal,4793
1/2 p'apple pizza,2303
Blamish ochre shell,3359
Bucket of water,1929
Off-hand rune scimitar,25755
Torag's platebody,4749
Off-hand bronze sword,25710
Axeman's folly (3),5823
Off-hand rune dagger,25704
Steel bull rush scroll,12463
Armadyl full helm,19422
Pigswill (1),28667
Mahogany b'kcase,8514
Vesta's chainbody,13887
Ancient full helm,19407
Wild pie,7208
Rainbow fish,10136
Black helm,1151
Spirit larupia pouch,12784
Spider silk robe bottom,25839
Air orb,573
Kebbit bolts,10158
Desert shirt,1833
Raw chompy,2876
Ascension Keystone Tertius,28449
Asgarnian hops,5996
Asgarnian ale (1),5779
Yew shieldbow,855
Fireball assault scroll,12839
Jug of wine,1993
Noxious staff,31729
Nightmare muspah pouch,31328
Torva boots,25064
Candle lantern,4529
Steel brutal,4783
Mithril bolts,9142
Elder logs,29556
Off-hand drygore rapier,26583
Off-hand drygore longsword,26591
Amulet of glory (t4),10354
Off-hand black battleaxe,25767
Box trap,10008
Broad-tipped bolts,13280
Studded leather shield,25810
Vesta's longsword,13899
Algarum thread,29864
Adamant minotaur pouch,12081
Guthix rest flask (5),29450
Apples (5),5386
Juju farming potion (2),20013
Juju farming potion (4),20011
Uncut dragonstone,1631
Off-hand dragon longsword,25740
Bronze dragon mask,19296
Saradomin robe legs,10464
Runite limbs,9431
Snakeskin body,6322
Blamish bark shell,3353
Bronze pickaxe,1265
Bacon mound,28648
Argway potion (unf),20000
Dust cloud scroll,12468
Void torcher pouch,12798
Antipoison+ (2),5947
Zamorak hilt,11708
Iron longsword,1293
Spider orb,25658
Red firelighter,7329
Steel minotaur pouch,12077
Weapon poison (4),25485
Reinforcing plate,30028
Rune fire arrows,2541
Orange tree seed,5285
Weapon poison+ flask (1),25531
Blue flowers,2464
Black unicorn mask,19278
Mithril warhammer,1343
Off-hand mithril battleaxe,25769
Black robe skirt,1015
Mithril dart,809
Adamant platebody (g),2607
Gnome scarf,9470
Teak wardrobe,8618
Black gauntlets,12994
Snake hide,7801
Steel armour set (lg),11822
Ahrim's book of magic,25672
Defence potion (4),2432
Jute seed,5306
Hunter kit,11159
Spotted cape,10069
Steel longsword,1295
Bandos plateskirt,19434
Bunyip pouch,12029
Desert camo legs,10063
Off-hand mithril warhammer,25787
Pollnivneach Teleport,19475
Berserker ring,6737
Blue dragon scale,243
Tireless run scroll,12441
Verac's flail (broken),4986
Sanfew serum (3),10927
Fungal leggings,22462
Off-hand adamant dart,25914
Team-4 cape,4321
Agility potion (3),3034
Dragon halberd,3204
Casket,405
Castle wars brace (1),11083
Sign of respite I,29269
Lean snail,3365
Dragon hatchet,6739
Dragon bitter (m3),5887
Bandos robe legs,19388
Guthix's gift (1),20038
Wool,1737
Mahogany plank,8782
Cracked fishing urn (nr),20320
Rune claw,3101
Death tiara,5547
Team-18 cape,4349
Bronze hatchet,1351
Perfect juju woodcutting potion (3),32757
Rune mace,1432
Ghostly essence,32341
Adamant knife,867
Snapdragon potion (unf),3004
Machete,975
Black platebody (h3),19209
Void ravager pouch,12818
Plank,960
Whisky,2017
Off-hand black knife,25902
White berries,239
Fellstalk seed,21621
Corrupt dragon battleaxe,13973
Team-22 cape,4357
Ugthanki meat,1861
Black mask,8921
Opal bolts (e),9236
Adamant helm (h5),10304
Off-hand rune crossbow,25891
Primweed,12588
Guthix full helm,2673
Saradomin's blessing (1),20034
Batwing legs,25831
Spirit mosquito pouch,12778
Phoenix Lair Teleport,19478
Seasinger's robe top,26338
Black plateskirt (h5),19255
Cooked meat,2142
Raw monkfish,7944
Portent of degradation III,31317
Saradomin godsword,11698
Magic potion (1),27518
Cheese+tom batta,2259
Raw beef,2132
Harmony moss seed,32665
Law talisman,1458
Portent of restoration VI,29249
Dark bow,11235
Yew seed,5315
Ganodermic poncho,22490
Combat bracelet,11126
Emerald amulet,1696
Timber beam,8837
Weapon poison flask (4),25513
Relicym's balm flask (6),23537
Barb-tail harpoon,10129
Guthix vambraces,10376
Bronze platebody,1117
Anti-dragon shield,1540
Virtus boots,25066
Team-20 cape,4353
Portent of restoration III,29243
Mithril dragon mask,19305
Berserker helm,3751
White elegant blouse,10420
Desert goat horn,9735
Raw wild pie,7206
Grapevine seed,28264
Cup of tea,1978
Zamorak mix (2),11521
Oyster pearls,413
Mages' book,6889
Mole skin,7418
Sacred oil (4),3430
Fine cloth,3470
Spiked helmet,13105
Raw bird meat,9978
Kyatt legs,10035
Oil lantern (empty),4535
Greenman's ale (m),5743
Antipoison mix (2),11433
Magic string,6038
Black helm (h1),10306
Black sword,1283
Sea turtle,397
Gold necklace,1654
Coconut,5976
Rune plateskirt (h5),19269
Ground bat bones,2391
Bronze crossbow,9174
Bat staff,19327
Wooden stock,9440
Rock-shell legs,6130
Willow blackjack (d),6414
Pneumatic gloves,27487
Shark,385
Rock climbing boots,3105
Hydrix bracelet,31865
Amulet of souls,31875
Shrimps,315
Antifire mix (2),11505
Oak bench,8564
Anchovy pizza,2297
Broodoo shield,6279
Magic essence mix (2),11489
Off-hand adamant longsword,25735
Bacon pile,28644
Berserker necklace,11128
Mixture - step 2 (2),10921
Verac's helm,4753
Saradomin robe top,10458
Jangerberry seed,5104
Dharok's platelegs (broken),4902
Raw cave eel,5001
Wimpy feather,11525
Team-15 cape,4343
Crystal armour seed,32623
H.a.m. cloak,4304
Team-33 cape,4379
Super energy (2),3020
Rune hatchet,1359
Guthix mitre,10454
Topaz bolt tips,9188
Purple firelighter,10326
Fire orb,569
Off-hand rune warhammer,25791
Ranging potion (3),27506
Dragonstone boots,28545
Zamorak crozier,10444
Rake,5341
Worm hole,2191
Steel crossbow,9179
Crushed nest,6693
Mithril gauntlets,12997
Yew shortbow,857
Zamorak vambraces,10368
Juju cooking potion (2),20009
Ruby,1603
Tribal mask,6339
Polypore stick,22498
Torag's platebody (broken),4968
Mithril full helm,1159
Death talisman,1456
Steel bolts,9141
Agility mix (2),11461
Rune shield (h3),7348
Zamorak chaps,10372
Tyras helm,9629
Premade choc bomb,2229
Third-age druidic robe,19320
Skull piece,6163
Crystal impling jar,32272
Saradomin plateskirt,3479
Eucalyptus pyre logs,12583
Gorajian mushroom,22446
Bronze claw,3095
Adamant c'bow (u),9463
Crystal wand,32213
Flax,1779
Sleeping cap,10398
Teak bed,8582
Black shield (h1),7332
Crafting potion (3),14840
Cider (m4),5929
Asgarnian ale (2),5781
Slayer's respite (2),5837
Gold seal,9040
Imphide,25545
Arrowstorm drape,23050
Mind bomb (1),5795
Ugthanki kebab,1885
Ahrim's wand,25652
Bowl,1923
Black kiteshield,1195
Rune platelegs (h4),19245
Black scimitar,1327
Splitbark shield,25804
Ruby bolts,9339
Marigolds,6010
Barley,6006
Barbarian assault ticket - hard wave 9,31907
Supercompost,6034
Combat potion (2),9743
Cider (4),5849
Tomato seed,5322
Unfired plant pot,5352
Ambush scroll,12836
Weapon poison+ flask (6),25521
Ochre snelm,3341
Virtus gloves,25062
Rune crossbow,9185
Ruined dragon armour slice,14474
Maple shortbow,853
Adamant plateskirt (h1),19177
Marigold seed,5096
Guthix rest flask (2),29456
Cleaver,7451
Green d'hide chaps,1099
Juju farming potion (1),20014
Iron scimitar,1323
Off-hand iron warhammer,25781
Karil's top,4736
Poison ivy seed,5106
Pestle and mortar,233
Polypore spore,22448
Bittercap mushroom,6004
Crystal deflector,32243
Rocktail,15272
Zuriel's robe top,13858
Skeletal gloves,6153
Demon slayer boots,27163
Pink robe top,636
Attack flask (6),23195
White sword,6605
Adamant spear,1245
Waterskin (0),1831
Royal dragon leather,24374
Seers' ring,6731
Combat potion (1),9745
Mithril scimitar,1329
Barbarian assault ticket - hard wave 5,31903
Super attack flask (6),23255
Merciless kiteshield,30022
Adamant longsword,1301
Dragon plate armour set (sk),14531
Pineapple seed,5287
Ahrim's robe top (broken),4872
Phoenix necklace,11090
Ranarr potion (unf),99
Crystal bow,32228
Fungal flake,22449
Whip vine,21369
Premade veg batta,2227
Summoning potion (3),12142
Zamorak robe legs,10468
Body rune,559
Tree-shaking scrimshaw,26289
Fire rune,554
Cobalt skillchompa,31595
Amulet mould,1595
Carved teak table,8556
Team-16 cape,4345
Defence mix (1),11459
Cosmic shield,20436
Virtus wand,25654
Shorts,5046
Rune plateskirt (h1),19185
Robin hood hat,2581
Egg spawn scroll,12428
Guthix page 1,3835
Hammerstone seed,5307
Guthix page 3,3837
Guthix page 2,3836
Guthix page 4,3838
Vampyre touch scroll,12447
Green blossom seed,19932
Pitta dough,1863
Guthix rest (4),4417
Dragon dart tip,11232
Rune kiteshield,1201
Dragon platebody ornament kit (or),19350
Feldip weasel fur,10119
Chef's delight (m),5757
Guthan's platebody (broken),4920
Barbed bolts,881
Ruby bracelet,11085
Off-hand black dart,25912
Dragon hasta,31377
Adamant chainbody,1111
Trading sticks,6306
Sagaie,21364
Iron claw,3096
Oak bed,8578
Saradomin mjolnir,6762
Mud pie,7170
Stone seal,9042
Oak pyre logs,3440
Choc saturday,2074
Toktz-ket-xil,6524
Spirit dagannoth pouch,12017
Accursed urn (nr),20416
Pie dish (unfired),1789
Adamant claw,3100
Corrupt vesta's spear,13929
Adamant platelegs,1073
Cabbages (10),5478
Eye patch,1025
Hunter potion (1),10004
Ogre arrow,2866
Red bead,1470
Mind shield,9731
Saradomin bow,19143
Lobster pot,301
Cream boots,632
Magic shieldbow,859
Swamp toad,2150
Pirate bandana,7136
Oak shieldbow (u),56
Mithril mace,1428
Super magic flask (6),23423
Rune bull rush scroll,12466
Incomplete pizza,2285
Marble magic wardrobe,9858
Black plateskirt (h2),19192
Rune scimitar,1333
Skewered kebab,15123
Team-47 cape,4407
Super Saradomin brew (1),28197
Divine spirit shield,13740
Clingy mole,30779
Half an admiral pie,7200
Grimy spirit weed,12174
Super attack (3),145
Cabbage seed,5324
Premade w'm batta,2219
Moss titan pouch,12804
Elemental helmet,9729
Shortbow,841
Off-hand crystal chakram,32234
Spicy crunchies,2213
Juju fishing flask (6),23155
Amulet of farming (8),12622
Blue boater,7325
Compost potion (1),6476
Hood of subjugation,24992
Dwarven stout (4),5777
Pink hat,656
Morrigan's leather body,13870
Saradomin full helm,2665
Antipoison++ flask (6),23591
Iron titan pouch,12822
Spider silk robe top,25837
Papaya tree seed,5288
Dragon full helm ornament kit (or),19346
Rabbit foot,10134
Nature impling jar,11250
Pearl bolts (e),9238
Snape grass,231
Axeman's folly,5751
Sweetcorn,5986
Zamorak mix (1),11523
Teak stock,9446
Crystal staff,32210
Super restore flask (6),23399
White 2h sword,6609
Zamorak full helm,2657
Sapphire bolts,9337
Premade fr' blast,2034
Spiky vambraces,10077
Karil's top (broken),4944
Bronze chainbody,1103
Royal frame,24342
Uncut diamond,1617
Crimson skillchompa,31598
Iron halberd,3192
Batwing boots,25833
Cured yak-hide,10820
Locust meat,9052
Games necklace (1),3867
Elysian sigil,13750
Summer pie,7218
Dragon claw,14484
Axeman's folly (1),5819
Rune platelegs (h5),19266
Adamant platebody (h4),19236
Off-hand steel crossbow,25885
Energy flask (6),23375
Toadflax potion (unf),3002
Magic essence mix (1),11491
Mith grapple,9419
Mystic fire staff,1401
Pigswill,28659
Juju fishing potion (3),20020
Cape,6959
Chinchompa,10033
Third-age vambraces,10336
Dark kebbit fur,10115
Big bones,532
Nature rune,561
Infinity top,6916
Dragon Rider kit,30943
Bittercap mushroom spore,5282
Steel kiteshield,1193
Gloves,3799
Airtight pot,4436
Rosemary seed,5097
Teak treas' chest,9863
Ancient robe legs,19390
Kurask boots,32372
Chopped tuna,7086
Off-hand rune dart,25915
Iron plateskirt,1081
Gold ore,444
Team-42 cape,4397
Bucket of milk,1927
White battleaxe,6589
Studded chaps,1097
White helm,6621
Amulet of glory (4),1712
Wizard's mind bomb,1907
Raw lobster,377
Red dragon leather,2507
Arctic blast scroll,12451
Ogre kilt,12561
Log-splitting scrimshaw,26283
Mystic hat,4109
Lumbridge teleport,8008
Cider (m1),5923
Raw manta ray,389
Fury ornament kit,19333
Tansymum,12576
Team-38 cape,4389
Wooden shield,1171
Cooked jubbly,7568
Dharok's helm (broken),4884
Fragile fishing urn (nr),20326
Bronze longsword,1291
Off-hand white claw,25948
Astronomy book,600
Ranging flask (6),27520
Iron javelin,826
Torva full helm,20135
Corrupt morrigan's leather chaps,13947
Uncooked pizza,2287
Mole claw,7416
Fruitfall scroll,12423
Magic shieldbow (u),70
Black flowers,2476
Blue spiky vambraces,10081
Zuriel's hood,13864
Drygore rapier,26579
Raw bear meat,2136
Asgarnian ale (3),5783
Slayer's respite (3),5839
Bronze spear,1237
Elder shortbow,29614
Steel fire arrows,2535
Leather chaps,1095
Dark mystic robes set,11962
Third-age range top,10330
Druid's robe,540
Mind bomb (2),5797
Proselyte cuisse,9676
Mahogany logs,6332
Impling jar,11260
Small fishing net,303
Thin snail,3363
Purple elegant skirt,10438
Iron dart tip,820
Dwellberries,2126
Thatch spar light,6281
Ancient ceremonial top,20127
Team-30 cape,4373
White unicorn mask,19275
Relicym's balm (3),4844
Cheese,1985
Slayer bell,10952
Turquoise boots,634
Air rune,556
Spirit scorpion pouch,12055
Raw undead beef,4287
Scentless potion (3),20028
Maple seed,5314
Guthix rest flask (3),29454
Oph. incubation scroll,12436
Praying mantis pouch,12011
Woodcutting urn (nr),20308
Giant chinchompa pouch,12800
Mixture - step 1 (2),10913
Splitbark gauntlets,3391
Cosmic boots,20454
Bronze halberd,3190
Adamant mace,1430
Lantadyme potion (unf),2483
2/3 cake,1893
Unstrung symbol,1714
Mithril 2h crossbow,25925
Chef's delight (3),5831
Security book,9003
Antipoison+ (4),5943
Fragile cooking urn (nr),20356
Cannon base,6
Dwarven stout (m1),5851
Spined armour set,11944
Bronze boots,4119
Black mace,1426
Off-hand mithril crossbow,25887
Corrupt dragon spear,13988
Seaweed,401
Raw karambwan,3142
Corrupt dragon scimitar,13979
Black cavalier,2643
Rune chainbody,1113
Akrisae's robe skirt,21760
Flared trousers,10394
Spirit kyatt pouch,12812
Ascension grips,31203
Off-hand adamant dagger,25702
Watering can,5331
Wergali seed,14870
Prayer renewal flask (6),23609
Impious urn (nr),20410
Verac's brassard,4757
Premade w'm crun',2237
Flies,12125
Spirit shield,13734
Adamant platelegs (h4),19238
H.a.m. logo,4306
Wooden chair,8498
Amulet of magic (t),10366
Burnt bones,528
Olive oil (3),3424
Body gloves,20462
Rune halberd,3202
Bronze knife,864
Dust rune,4696
Wizard robe top,577
Dragon bracelet,11115
Leather gloves,1059
Clean kwuarm,263
Oak treasure chest,9862
Adamant spikeshield 0,12913
Bandos body,19453
Dragon bitter (m1),5883
Easter egg,1961
Pros'yte harness f,9670
Black armour set (sk),11828
Red d'hide coif,12950
Dragon mace,1434
Pros'yte harness m,9666
Rock hammer,4162
Spirit impling jar,15513
Bat book,25660
Reaper necklace,31872
Super strength (1),161
Off-hand adamant warhammer,25789
Onions (10),5458
Elder shieldbow (u),29734
Bandos crozier,19364
Willow branch,5933
Black platebody,1125
Team-9 cape,4331
Verac's brassard (broken),4992
Prayer renewal (2),21634
Super antipoison (3),181
Zamatrice egg,12115
Super magic mix (2),11513
White platelegs,6625
Blue h'ween mask,1055
Dragonhide body (t),7376
Bolt mould,9434
Rune dagger,1213
Imphide robe bottom,25849
Black bead,1474
Zamorak coif,10374
Square sandwich,6965
Silver ore,442
Bronze fire arrows,942
Black brutal,4788
Spork,7437
Steel c'bow (u),9459
Water orb,571
Super attack (2),147
Adamant sq shield,1183
Silver bolts (unf),9382
Antifire (3),2454
Scrimshaw of vampyrism,26295
Draconic visage,11286
Rabbit sandwich,23065
Brackish blade,20671
Iron spear,1239
Adamant bolts,9143
Agility potion (1),3038
Macaw pouch,12071
Enchanted top,7399
Castle wars brace (3),11079
Relicym's mix (2),11437
Barley malt,6008
Law rune,563
Ogre wig,12559
Sanfew serum flask (6),23567
Initiate hauberk,5575
Prayer renewal (4),21630
Purple flowers,2468
Ascension Keystone Secundus,28447
Mithril longsword,1299
Steel full helm,1157
Carapace helm,25857
Corrupt statius's platelegs,13914
Monk's robe,544
Wolpertinger pouch,12089
Rune 2h sword,1319
Demon slayer circlet,27157
Pirate leggings,13368
Kebbit teeth,10109
Ring of death,31869
Mahogany pyre logs,6213
Steel dagger,1207
Vial of water,227
Raw undead chicken,4289
Iron limbs,9423
Adamant 2h sword,1317
Super antipoison (1),185
Chocolate cake,1897
Spicy sauce,7072
Unlit torch,596
Ancient platelegs,19401
Sign of respite III,29273
Ancient kiteshield,19410
M'gany arm'r case,9861
Mind helmet,9733
Rock-shell splinter,6161
Black platebody (h1),19167
Barbarian assault ticket - wave 10,15473
Water talisman,1444
Part garden pie,7174
Teak logs,6333
Cave eel,5003
Lustrous energy,29320
Chopped tomato,1869
Bronze nails,4819
Dragon kite ornament kit (sp),25314
Red headband,2645
Limpwurt seed,5100
Corrupt dragon mace,13985
Black plateskirt (t),3472
Incandescent energy,29324
Mystic robe top,4111
Ground seaweed,6683
Wood camo legs,10055
Warrior ring,6735
Part wild pie,7204
Juju fishing potion (2),20021
Mixture - step 2 (4),10917
Infinity hat,6918
Crushing claw scroll,12449
Mithril nails,4822
Butterfly flower seed,28265
Regen bracelet,11133
Oak dresser,8600
Broad arrowheads,13278
Steel platelegs,1069
Fremennik boots,3791
Dark cavalier,2641
Magic mix (2),27500
Rocking chair,8500
Green firelighter,7330
Super energy (4),3016
Flickering energy,29314
Pantaloons,10396
Third-age amulet,10344
Tortoise shell,7939
Diamond ring,1643
Ascension Keystone Quartus,28451
Steel arrowheads,41
Royal torsion spring,24346
Clean toadflax,2998
Corrupt vesta's plateskirt,13917
Axeman's folly (m2),5901
Bowl of hot water,4456
Iron sq shield,1175
Portent of restoration IX,29255
Seasinger's hood,26337
Dragon Rider cape,30939
Archery ticket,1464
Steel spear,1241
Black platelegs (h2),19190
Hammerstone hops,5994
Raw crunchies,2202
Stone scarab,9030
Cracked smelting urn (nr),20272
Off-hand dragon crossbow,25894
Wooden bed,8576
Guthix robe legs,10466
Off-hand iron dart,25910
Rune berserker shield 0,12934
Ancient ceremonial mask,20125
Spider silk boots,25841
Bronze mace,1422
Christmas tree hat,26493
Mirror shield,4156
Tetsu helm,26325
Tortured soul,32707
Rune helm (h1),10286
Grimy snapdragon,3051
Black dragonhide,1747
King worm,2162
Mystic boots,4117
Bronze armour set (sk),11816
Iron battleaxe,1363
Clean wergali,14854
Kwuarm potion (unf),105
Super strength flask (6),23279
Dharok's greataxe,4718
Onyx bolts (e),9245
Opal bolt tips,45
Fish rain scroll,12424
Dragonfire ward,25559
Mind bomb (3),5799
Juju hunter potion (4),20023
Warrior helm,3753
Ahrim's robe skirt,4714
Splitbark boots,3393
Lime chunks,2122
Mahogany toy box,9851
Bandana,13374
Plain pizza,2289
Drygore longsword,26587
Green d'hide body,1135
Jewelled golden statuette,20661
Adamant plateskirt (h3),19219
Weapon poison+ flask (4),25525
Golden scarab,9028
Ruined dragon armour shard,14476
Pigswill (2),28669
Yak-hide armour (top),10822
Iron kiteshield,1191
Wooden cat,10891
Bandos chestplate,11724
Mind gloves,20460
Magic seed,5316
Ring of duelling (1),2566
Pharaoh's sceptre,9050
Strength potion (1),119
Ancient chaps,19447
Uncut onyx,6571
Magical cape rack,9848
Desert legs,6390
Antipoison++ (4),5952
Gown of subjugation,24998
Skewer,7443
Calquat tree seed,5290
Iron dart,807
Dragon 2h crossbow,25932
Citizen trousers,9642
Antifire (1),2458
Saradomin's blessing (4),20031
Dwarven helmet,11200
Marble cape rack,9847
Raw rabbit,3226
Fremennik hat,3797
Opulent table,8560
Mystic orb,25668
Combat potion (4),9739
Pineapple punch,2048
Skeletal helm,6137
Grimy tarromin,203
Ascension bolts,28465
Beer barrel,8516
Mystic water staff,1403
Miscellania Teleport,19477
Prayer flask (6),23243
Team-48 cape,4409
Black dragon mask,19290
Grifolic leggings,22474
Bronze sword,1277
Zamorak brew (3),189
4-poster,8586
Raw cavefish,15264
Hat,2940
Black dragon leather,2509
Snakeskin vambraces,6330
Adamant platelegs (h3),19217
Fish pie,7188
Bass,365
Rune plateskirt (h3),19227
Barley seed,5305
Corrupt morrigan's coif,13950
Spotted kebbit fur,10125
Grog,1915
Clockwork cat,7771
Olive oil (2),3426
Opal bolts,879
Muddy key,991
Vengeful kiteshield,30018
Saradomin brew flask (6),23351
Stone of binding,28628
Dwarven stout (m),5747
Grimy cadantine,215
Spice,2007
Team-36 cape,4385
Unicorn stallion pouch,12039
Spellstorm drape,23052
Super defence (4),2442
Armadyl stole,19392
Druidic mage top 0,12899
Pack yak pouch,12093
Crayfish,13433
Morchella mushroom spore,21620
Mahogany 'drobe,8620
Super strength (2),159
Mushroom & onion,7066
Cream robe top,642
Blue dragonhide,1751
Seasinger's robe bottom,26339
Off-hand mithril dagger,25700
Malevolent energy,30027
Royal sceptre,15507
Skewered chompy,7230
Magpie pouch,12041
Rune throwing axe,805
Mining helmet,5014
Black hatchet,1361
Ganodermic leggings,22486
Red d'hide chaps,2495
Super antipoison (2),183
Shirt,5034
Dragon crossbow,25917
Spined helm,6131
Green dragon mask,19281
Binding necklace,5521
Pester scroll,12838
Attack potion (3),121
Guthix mjolnir,6760
Rune cane,13099
Skewered beast,9992
Rune knife,868
Monkfish,7946
Chocolate bar,1973
Ranging mix (2),27496
Goad scroll,12835
Iron within scroll,12828
Red chinchompa,10034
Saradomin's murmur,25034
Clean avantoe,261
Super attack mix (1),11471
Calquat keg,5769
Black platelegs,1077
Elemental boots,20448
Black boater,7327
Armadyl mitre,19374
Summoning potion (1),12146
Spider on stick,6297
Ring of recoil,2550
Guthix balance (1),7666
Ancient vambraces,19443
Saradomin mitre,10452
Steel studs,2370
Uncooked berry pie,2321
Poorly-cooked beast meat,23062
Thatch spar med,6283
Snakeskin bandana,6326
Strung rabbit foot,10132
Off-hand adamant throwing axe,25907
Dagon'hai robes set,14525
Raw sea turtle,395
Steel helm,1141
Black d'hide coif,12957
Mithril kiteshield,1197
Ground fishing bait,12129
Rune armour set (sk),11840
Limpwurt root,225
Adamant platebody (h5),19257
Oak roots,6043
Raw tuna,359
Tectonic mask,28608
Clay,434
Leather shield,25806
Steel mace,1424
Mature pigswill,28661
Asgarnian ale (m2),5861
Grimy guam,199
Feather,314
Team-26 cape,4365
Water battlestaff,1395
Blue dragon leather,2505
Torva gloves,25060
Common kebbit fur,10121
Verac's plateskirt (broken),4998
Steel halberd,3194
Villager armband,6379
Fishing rod,307
Coif,1169
Royal d'hide coif,24388
Energy potion (4),3008
Dragon arrowheads,11237
Hard leather boots,25821
Tzhaar-ket-em,6527
Eucalyptus logs,12581
Gloves of subjugation,25007
Corrupt statius's warhammer,13926
M'light mead (m4),5897
Teacher wand,6912
Raw pike,349
Barrows amulet,30030
Green d'hide vambraces,1065
Rune 2h crossbow,25929
Mith grapple tip,9416
Basket,5376
Teak armchair,8506
Spirit tz-kih pouch,12808
Ranger's aid,15119
Spined chaps,6135
Adamant cane,13097
Bandos godsword,11696
Adamantite nails,4823
Off-hand adamant scimitar,25753
Boots,2934
Siphon self scroll,31332
Battle hood 0,12871
Dragon necklace,1664
Super strength mix (2),11485
Axeman's folly (m1),5899
Dragon plateskirt,4585
Karil's off-hand pistol crossbow,25895
Gilded full helm,3486
Black cane,13095
Team-35 cape,4383
Juju cooking potion (3),20008
Team-3 cape,4319
Black platelegs (h3),19211
Relicym's balm (2),4846
Spider silk,25547
Potatoes (10),5438
Yew pyre logs,3446
Ahrim's robe skirt (broken),4878
Large oak bed,8580
Death lotus hood,26346
Apple tree seed,5283
Famine scroll,12830
Lime slices,2124
Strong cooking urn (nr),20368
Oil lantern frame,4540
Ogre boots,12565
White chainbody,6615
Slayer's respite (1),5835
Tai Bwo Wannai Teleport,19479
Bananas (5),5416
Skeletal armour set,11946
Silk,950
Rune helm (h2),10288
Ranarr seed,5295
Cosmic body,20444
Rune plateskirt (h4),19248
Sweetcorn seed,5320
Mind bomb (4),5801
Tangled toads' legs,2187
Green robe top,638
Splitbark orb,25670
Restore mix (1),11451
Essence impling jar,11246
Team-10 cape,4333
Cod,339
Pineapple,2114
Pot (unfired),1787
Ancient staff,4675
Ice titan pouch,12806
Relicym's balm (1),4848
Goat horn dust,9736
Granite lobster pouch,12069
Insulated boots,7159
Amulet of ranging,15126
Adamant plateskirt (h2),19198
Guthix rest flask (1),29458
Weapon poison+ flask (5),25523
Blue boots,630
Grimy irit,209
Bronze bolts (unf),9375
Harpoon,311
Black armour set (lg),11826
Cactus seed,5280
Virtus book,25664
Part admiral pie,7194
Baguette,6961
Wishing well bush seed,28267
Living minerals,15263
Raw chicken,2138
Abyssal parasite pouch,12035
Bronze battleaxe,1375
Clean cadantine,265
Pottery scarab,9032
Raw fish pie,7186
Chef's delight (1),5827
Oak armchair,8504
Barrows totem,30004
Dragonhide chaps (t),7384
Dwarven stout (m3),5855
Steel battleaxe,1365
Clean ranarr,257
Half a summer pie,7220
Amulet of strength,1725
Iron pickaxe,1267
Guthan's helm (broken),4908
Crafting flask (6),23459
Gardening boots,5345
Dharok's helm,4716
Armadyl cloak,19368
Moonlight mead,2955
Antifire (2),2456
Brandy,2021
Orange salamander,10146
Bandos helmet,25022
Green d'hide coif,12936
Ninja impling jar,11254
Villager sandals,6377
Akrisae's war mace (broken),21750
Juju cooking flask (6),23137
Black Santa hat,30412
Rune platebody (h1),19179
Initiate cuisse,5576
Red spiders' eggs,223
Dragon platelegs/skirt ornament kit (sp),19356
Opal,1609
Jug of water,1937
Slice of cake,1895
Focus sight,15490
Zamorak brew (2),191
Bacon heap,28646
Sirenic chaps,29860
Adamant platelegs (h2),19196
Chef's delight (m1),5907
Egg whisk,7435
Maple shieldbow (u),62
Dragonstone ring,1645
Olive oil (1),3428
Karam. overlord pouch,12023
Kitchen knife,7447
Bandos platelegs,19431
Tan cavalier,2639
Seismic wand,28617
Premade fr't batta,2225
Strength potion (2),117
Raw summer pie,7216
Armadyl platebody,19413
Bronze c'bow (u),9454
Zamorak mjolnir,6764
Lemon,2102
Krandorian hops,6000
Clean harralander,255
Guthix's gift (3),20036
Dragon limbs,25481
Mystic lava staff,3054
Prayer potion (4),2434
Infernal urn (nr),20422
Team-27 cape,4367
Rune plateskirt (t),3477
Super defence (3),163
Pirate's hook,2997
Toad bark scroll,12452
Seed dibber,5343
Mahogany table,8558
Iron armour set (lg),11818
Inoculation brace,11088
Flattened hide,6171
Black full helm,1165
Nature tiara,5541
Perfect juju woodcutting potion (1),32753
Super strength (3),157
Dharok's platebody,4720
Meat tenderiser,7449
Red partyhat,1038
Blue d'hide vambraces,2487
Razorback gauntlets,30213
Blood necklace shard,32692
Dragon staff,19323
Teak armour case,9860
Mith bull rush scroll,12464
Soda ash,1781
Wizard boots,2579
Godsword shards,11692
Adamant platebody (h1),19173
Black longsword,1297
Barrows - Dharok's set,11848
Villager hat,6375
Blue d'hide chaps,2493
Mystic wand,25644
Black plateskirt (h1),19171
Attack potion (2),123
Raw herring,345
Wizard hat (g),7394
Dragon arrow,11212
Jade machete,6315
Swamp plague scroll,12832
Arcane spirit shield,13738
Empty seaweed net,14859
Jade,1611
Roe,11324
Super attack (4),2436
H.a.m. gloves,4308
Moonlight mead (m),5749
Chef's hat,1949
Tectonic robe top,28611
Wooden bench,8562
Hand cannon,15241
Bark,3239
Dragon c'bow (u),25478
Steel bar,2353
Compost potion (4),6470
Premade c+t batta,2223
Grimy dwarf weed,217
Tatty kyatt fur,10101
Emerald bolt tips,9190
Blood talisman,1450
Red d'hide shield,25798
Mind rune,558
Grifolic wand,25638
Spined gloves,6149
1/2 meat pizza,2295
Elite black full helm,14494
Strange fruit,464
Scrambled egg,7078
Chef's delight (2),5829
Blood rune,565
Dragon dart,11230
Blue elegant blouse,10428
Deadly claw scroll,12831
Mud rune,4698
Button mushroom,13563
Third-age mage hat,10342
Light orb,10973
Comp ogre bow,4827
Saradomin brew (1),6691
Cannon furnace,12
Bowstring,1777
Bronze helm,1139
Half a wild pie,7210
Raw crayfish,13435
Batwing torso,25827
Team-28 cape,4369
Bone spear,5016
Armadyl plateskirt,19419
Portable sawmill,31043
Off-hand black sword,25716
Graahk legs,10047
Black warlock,10014
Archer helm,3749
Ranging mix (1),27498
Oak magic wardrobe,9852
Law tiara,5545
Greenman's ale (4),5793
White sq shield,6631
Juju fishing potion (4),20019
Demon slayer torso,27161
Antidote+ mix (2),11501
Gnome goggles,9472
Obsidian golem pouch,12792
Admiral pie,7198
Fried onions,7084
Iron spit,7225
Purple partyhat,1046
Dragonstone,1615
Elder energy,31312
Off-hand rune knife,25901
Royal amulet,15511
Inferno scroll,12841
Ring of forging,2568
Chocolate bomb,2185
Adamant boots,4129
Team-40 cape,4393
Iron platelegs,1067
Desert robe,1835
Oil lamp (oil),4522
Purple elegant blouse,10436
Godsword shard 1,11710
Armadyl robe top,19380
Godsword shard 3,11714
Godsword shard 2,11712
Unpowered orb,567
Maple logs,1517
Crystal shield,32240
Sickle mould,2976
Smoke rune,4697
Weapon poison++ (3),25503
Scentless potion (4),20027
Akrisae's war mace,21744
Onyx ring,6575
Emerald bolts (e),9241
Torva armour set,30901
Royal bolts,24336
Black headband,2647
Super Guthix rest (3),28209
Graahk headdress,10051
Greenman's ale,8522
Sirenic hauberk,29857
Super energy flask (6),23387
Pirate boots,7114
Larupia legs,10041
Spider leg,31721
Rune spear,1247
Green h'ween mask,1053
Limestone,3211
Portent of degradation II,31315
Rune platelegs (h2),19203
Copper ore,436
Ring of duelling (8),2552
Armadyl helmet,11718
Body helmet,18693
Cowhide,1739
Ring of wealth,2572
Rune helm (h3),10290
Slayer's respite,5759
Ranger boots,2577
Skeletal boots,6147
Juju hunter flask (6),23161
Ale yeast,5767
Antipoison+ flask (6),23579
Staff of earth,1385
Third-age druidic staff,19308
Gin,2019
Wizard robe skirt (t),7388
Cooked oomlie wrap,2343
Maple blackjack (o),6418
Adamant plateskirt (h5),19261
Bronze limbs,9420
Blurberry special,2064
Hunting mix (1),11519
Armadyl body,19461
Snakeskin boots,6328
Tarromin potion (unf),95
Stew,2003
Mithril platebody,1121
Dragonhide chaps (g),7382
Menaphite robe,6404
Antipoison++ (2),5956
Death lotus chestplate,26347
Prayer renewal (3),21632
Dwarven stout (m2),5853
Iron sword,1279
Red elegant legs,10406
Thatch spar dense,6285
Zamorak platelegs,2655
Turquoise robe top,644
Penguin mask,13109
Armadyl crozier,19362
Cooked undead chicken,4291
Super Saradomin brew flask (6),28227
Mahogany bench,8572
Weapon poison (1),25491
Dreadfowl pouch,12043
Mithril claw,3099
Rune platebody (h2),19200
Ancient cloak,19372
Ring of wealth (4),20659
Morrigan's coif,13876
Mithril sq shield,1181
Iron hasta,11369
Earth battlestaff,1399
Pineapple pizza,2301
Adamant shield (h5),7358
Cannon barrels,10
Rune hasta,11377
Adamant platelegs (h1),19175
Zamorak brew (1),193
Mycelium leggings web,22454
Imphide book,25662
Zuriel's robe bottom,13861
Yanillian hops,5998
Essence shipment scroll,12827
Amulet of fury,6585
Portent of restoration II,29241
Iron bull rush scroll,12462
Royal bolt stabiliser,24340
Royal d'hide vambraces,24376
Impious ashes,20264
Enchant sapphire,8016
Spicy tomato,9994
Restore flask (6),23219
Portent of restoration IV,29245
Doughnut,14665
Raw anchovies,321
Ancient crozier,19366
Strength potion (3),115
Diamond bracelet,11092
Bronze minotaur pouch,12073
Adamant helm (h2),10298
Gilded dresser,8608
Off-hand dragon warhammer,29537
Tuna potato,7060
Cooked rabbit,3228
Super defence (2),165
Dragonhide body (g),7374
Camelot teleport,8010
Green dragon leather,1745
Diamond bolt tips,9192
Antifire flask (6),23363
Premade veg ball,2235
Batwing hood,25825
Black d'hide chaps,2497
Compost mound pouch,12091
Grifolic orb,25666
Leather body,1129
Combat mix (1),11447
Staff,1379
Virtus robe legs,20167
Sapphire bolts (e),9240
Black shield (h5),7356
Zamorak's favour (4),20039
Oak bookcase,8512
Super magic mix (1),11515
Geyser titan pouch,12786
Amulet of power,1731
Asgarnian ale,8520
Black d'hide vambraces,2491
Chocolate dust,1975
Fly fishing rod,309
Mithril halberd,3198
Super ranging potion (4),2444
Fishing potion (4),2438
Lit dark fire arrows,29622
Slayer respite (m4),5921
Iron warhammer,1335
Attack potion (1),125
Dharok's platelegs,4722
Super kebab,4608
Bronze armour set (lg),11814
Slayer's respite (m),5761
Demon slayer gloves,27165
Clean spirit weed,12172
Mining urn (nr),20392
Grimy ranarr,207
Agility potion (4),3032
Ranger's aid (m),15121
Mahogany magic wardrobe,9856
Crossbow,837
Maple shieldbow,851
Davy kebbit hat,12568
Guthix balance (3),7662
Noose wand,10150
Sample bottle,3377
Steel titan pouch,12790
Steel platebody,1119
Fremennik robe,3793
Guthan's helm,4724
Egg potato,7056
Mithril fire arrows,2537
Krandorian seed,5310
Third-age druidic cloak,19311
Off-hand bronze longsword,25725
Dark arrowheads,29729
Raw ugthanki meat,1859
Sign of item protection,29287
Skeletal bottoms,6141
Electric lash scroll,12460
Third-age druidic robe top,19317
Off-hand steel scimitar,25747
Black sq shield,1179
Red d'hide body,2501
Saradomin brew (2),6689
Red boater,7319
Zamorak godsword,11700
Dragon Rider body,30933
Skirt,5052
Pitta bread,1865
Team-21 cape,4355
Iron minotaur pouch,12075
Cadantine seed,5301
Off-hand rune claw,25945
Green elegant blouse,10432
Poorly-cooked bird meat,23060
Morrigan's javelin,13879
God wars teleport,31665
Silver bar,2355
Bolt of cloth,8790
Weapon poison++ flask (5),25535
Rock-shell gloves,6151
Super Guthix rest (1),28213
Bronze bar,2349
Raw mud pie,7168
Saradomin arrows,19152
Worm crunchies,2205
Regrowth scroll,12442
Gold leaf,8784
Generate compost scroll,12440
Iron brutal,4778
Cleaning cloth,3188
Black battleaxe,1367
Blue partyhat,1042
Guthix arrows,19157
Greenman's ale (3),5791
Fishbowl,6667
Dreadfowl strike scroll,12445
Barrows - Guthan's set,11850
Tomatoes (5),5968
Raw beast meat,9986
Anti-p supermix (1),11475
Mature wmb,5741
Potato cactus,3138
Cooked undead meat,4293
Off-hand steel mace,25678
Saradomin kiteshield,2667
Equa leaves,2128
Chisel,1755
Off-hand adamant mace,25684
Zamorakian spear,11716
Rope,954
Spider on shaft,6299
Arctic pyre logs,10808
Grey wolf fur,958
Turquoise hat,664
Lava battlestaff,3053
Unholy symbol,1724
H.a.m. boots,4310
Ruby necklace,1660
Leather vambraces,1063
Off-hand iron longsword,25727
Weapon poison++ (2),25505
Defence flask (6),23231
Raw wolf meat,23058
Spectral spirit shield,13744
Kyatt hat,10039
Bakriminel bolts,24116
Amulet of glory,1704
Raw sardine,327
M'gany treas' chest,9864
Hammer,2347
Bat mask,13111
Rune helm (h5),10294
Insane ferocity scroll,12433
Black platelegs (h1),19169
Super ranging potion (1),173
Crossbow string,9438
Red dragon mask,19287
Steel dart,808
Boil scroll,12833
Black shield (h2),7338
Portable forge,31041
Rock-shell armour set,11942
Evil turnip pouch,12051
Red d'hide vambraces,2489
Rune nails,4824
Empty cup,1980
Super defence flask (6),23291
Hand cannon shot,15243
Black salamander,10148
Ancient page 3,19610
Ancient page 2,19609
Ancient page 1,19608
Wolf bones,2859
Summoning potion (4),12140
Dragon kite ornament kit (or),25312
Clean snapdragon,3000
Black platebody (h5),19251
Clean dwarf weed,267
Black beret,2635
Jungle camo legs,10059
Lockpick,1523
Adamant plateskirt (h4),19240
Black 2h sword,1313
Stony shell scroll,12533
M'light mead (m2),5893
Doomsphere scroll,12455
Dragon dagger,1215
Mithril chainbody,1109
Royal dragonhide set,24386
Adamant dagger,1211
Dragonstone gauntlets,28537
Noxious scythe,31725
Pirate's hat,2651
Half full wine jug,1989
Orange slices,2112
Turoth boots,32370
Cosmic talisman,1454
Bracelet mould,11065
Dragon impling jar,11256
Half a redberry pie,2333
Mithril dagger,1209
Hard leather shield,25808
Off-hand iron mace,25676
Samaden potion (unf),20002
Kyatt top,10037
Watchtower teleport,8012
Rock-crushing scrimshaw,26286
Demon slayer crossbow,27168
Off-hand adamant battleaxe,25771
Abyssal stealth scroll,12427
Crude wooden chair,8496
Magpie impling jar,11252
Earth talisman,1440
Saw,8794
Mithril hatchet,1355
Anchovy oil,11264
Bandos chaps,19455
Antipoison++ (3),5954
Akrisae's robe top (broken),21758
Iron helm,1137
Air tiara,5527
Portable well,31044
Bronze dart,806
Molten glass,1775
Adamant full helm (g),2613
Elite black platebody,14492
White flowers,2474
Restore potion (3),127
Weapon poison (2),25489
Glassblowing book,11656
Watermelon,5982
Rune longsword,1303
Baby impling jar,11238
Bandos gloves,25025
Clean tarromin,253
Bag of salt,4161
Dragon pickaxe,15259
Goblin mail,288
Corrupt dragon chainbody,13958
Bowl (unfired),1791
Skewer stick,6305
Splitbark wand,25640
Grifolic visor,22470
Oak wardrobe,8614
Palm tree seed,5289
Zamorak cloak,10450
Shieldbow,839
Black boots,4125
Pottery statuette,9036
Elysian spirit shield,13742
Oak fancy dress box,9865
Imphide boots,25853
Enchanted hat,7400
Mith crossbow,9181
Ebon thunder scroll,12837
Imphide hood,25845
Elite black platelegs,14490
Iron arrow,884
Fibula piece,6167
Lava titan pouch,12788
Astral rune,9075
Desert robes,6386
Rune dart tip,824
Prayer potion (2),141
Willow roots,6045
Armadyl crossbow,25037
Super defence (1),167
Teak plank,8780
Spirit weed seed,12176
Iron dagger,1203
Black platebody (h2),19188
Off-hand dragon throwing axe,29544
Ascendri bolts (e),31881
Chilli con carne,7062
Blood'n'tar snelm,3339
Steel knife,865
Dragon plate armour set (lg),14529
Frog-leather chaps,10956
Adamant battleaxe,1371
Bat wand,25648
Off-hand black claw,25939
Swamp titan pouch,12776
Worm batta,2253
Greenman's ale (m4),5873
Leviathan ring,30576
Rune boots,4131
Thieving fingers scroll,12426
Third-age robe,10340
Off-hand bronze throwing axe,25903
Rune platebody (h3),19221
Juju mining potion (4),20003
Skills necklace,11113
Larupia top,10043
Black plateskirt,1089
Silverhawk feathers,30915
Radiant energy,29322
Mithril c'bow (u),9461
Choc-ice,6794
Broken bark snelm,3335
Black nails,4821
Morrigan's throwing axe,13883
Fish mask,24431
Nose peg,4168
Armadyl coif,19465
Off-hand steel throwing axe,25905
Slayer respite (m3),5919
Team-46 cape,4405
Premade sgg,2038
Mixture - step 1 (1),10915
Willow seed,5313
Off-hand drygore mace,26599
Rune javelin,830
Super Saradomin brew (3),28193
Thorny snail pouch,12019
Teak magic wardrobe,9854
1/3 evil turnip,12138
Bronze bull rush scroll,12461
Potato cactus seed,28258
Portent of restoration VIII,29253
Adamant brutal,4798
Lime,2120
Mithril throwing axe,803
Hunter flask (6),23435
Super Zamorak brew (2),28203
Guthix balance (2),7664
Fever grass,12574
Karil's pistol crossbow,25918
Gilded 4-poster,8588
Premade ch' crunch,2239
Butterfly jar,10012
Ahrim's hood (broken),4860
Godsword blade,11690
Adamant plateskirt (g),3475
Garden pie,7178
Mithril 2h sword,1315
Pigswill (m3),28679
Hexcrest,15488
Dragonfire shield,11284
Multichop scroll,12429
C. morrigan's throwing axe,13957
Mithril boots,4127
Vyrewatch shoes,9638
Empty pot,1931
Fremennik shirt,3775
Perfect juju farming potion (2),32763
Left eyepatch,13355
Enchant diamond,8019
Moonlight mead (4),5817
Saradomin brew (3),6687
Bandos platebody,19428
Red h'ween mask,1057
Off-hand bronze dagger,25692
Azure skillchompa,31597
Short green guy,2080
Carved oak magic wardrobe,9853
Orange flowers,2470
Ahrim's staff (broken),4866
Dragon chainbody,3140
Lizard skull,12207
Dragonstone greaves,28543
Splitbark helm,3385
Adamant fire arrows,2539
Holy symbol,1718
Malevolent greaves,30011
Blood drain scroll,12444
Cooking apple,1955
Weapon poison++ flask (4),25537
Rune sq shield,1185
Torag's platelegs (broken),4974
Scrimshaw of magic,26304
Fremennik skirt,3795
Polypore staff,22494
Magic logs,1513
Team-5 cape,4323
Pie dish,2313
Akrisae's robe top,21752
Venom shot scroll,12432
Bandos tassets,11726
Brine sabre,11037
Sapphire bolt tips,9189
Fly trap seed,28260
Dragonbone upgrade kit,24352
Combat robe top 0,12976
Sinew,9436
Bowl of water,1921
Juju cooking potion (1),20010
Torag's hammer,4747
Chef's delight (4),5833
Green elegant shirt,10412
Hunter potion (4),9998
Christmas cracker,962
Chaos shield,20438
Veg ball,2195
Ascension Keystone Quintus,28453
Brown headband,2649
Unlit bug lantern,7051
Corrupt statius's full helm,13920
Bone club,5018
Hard leather,1743
Marrentill tar,10143
Leaping trout,11328
Pernix boots,25068
Glaiven boots,21790
Team-17 cape,4347
Elemental gloves,20458
Super energy mix (1),11483
Adamantite limbs,9429
Steel 2h crossbow,25923
Super ranging potion (2),171
Guthix rest flask (6),29448
Super energy mix (2),11481
Lean snail meat,3371
Blue elegant shirt,10408
Coal,453
Iron chainbody,1101
Iron 2h sword,1309
Scentless flask (6),23167
Relicym's mix (1),11439
Water rune,555
Uncut hydrix,31853
Frost dragon bones,18832
War tortoise pouch,12031
Fishing bait,313
Oil lamp (empty),4525
Slayer's respite (4),5841
Mithril armour set (sk),11832
Wildblood hops,6002
Carapace boots,25863
Crystal weapon seed,32206
Polar camo legs,10067
Ravenous locust pouch,12820
Pharaoh's sceptre (3),9044
Curry leaf,5970
M'light mead (m3),5895
Rolling pin,7445
Turquoise robe bottoms,654
Magic stock,25483
Top hat,13101
Stranger plant pouch,12045
Black halberd,3196
Blue robe bottoms,650
Raw rainbow fish,10138
Dagannoth hide,6155
Eye of newt,221
Anchovy paste,11266
Sapphire ring,1637
Team-45 cape,4403
Chaos talisman,1452
Sp. zamatrice pouch,12101
Staff of fire,1387
Decorated fishing urn (nr),20344
Summoning flask (6),23621
Gilded cape rack,9846
Green dragonhide,1753
Super Guthix rest (4),28207
Rune shield (h5),7360
White warhammer,6613
Wizard's book,25656
Off-hand iron scimitar,25745
Volcanic str. scroll,12826
Papaya fruit,5972
Saradomin cloak,10446
Fruit batta,2277
Demon slayer skirt,27159
Lantern lens,4542
Fletching potion (4),14846
Phrin remains,3398
Evil turnip seed,12148
Saradomin crozier,10440
Restore potion (2),129
Tooth half of a key,985
Blamish blue shell,3361
Rune shield (h1),7336
Axeman's folly (4),5825
Antipoison (1),179
Karil's crossbow,4734
Fat snail,3367
White apron,1005
Weapon poison (3),25487
Royal cape,24315
Hard leather gloves,25875
Adamant helm (h1),10296
Red dragonhide,1749
Candle,36
Off-hand dragon dart,25916
Spider carcass,6291
Gout tuber,6311
Team-1 cape,4315
Rune pickaxe,1275
Earth orb,575
White claw,6587
Shieldbow (u),48
Adamant armour set (sk),11836
Spirit cobra pouch,12015
Weapon poison+ (4),25493
Steel chainbody,1105
Spirit wolf pouch,12047
Wood dining table,8548
Team-32 cape,4377
Wizard hat (t),7396
Fox mask,19272
Off-hand mithril claw,25941
Jug,1935
Adamant pickaxe,1271
A powdered wig,10392
Mystic robes set,11872
Salmon,329
Guthix robe top,10462
Skewered rabbit,7224
Leaf-bladed sword,13290
Adamant 2h crossbow,25927
Eclectic impling jar,11248
Juju woodcutting potion (2),20017
Avantoe seed,5298
Juju woodcutting flask (6),23149
Amulet of magic,1727
Dragon full helm,11335
Prayer potion (3),139
Red topaz machete,6317
Shrunk ogleroot,11205
Ascension Keystone Primus,28445
Rune dart,811
Wizard robe top (t),7392
Decorated cooking urn (nr),20374
Onyx bolt tips,9194
Sandstone (2kg),6973
Ribcage piece,6165
Black knife,869
Combat mix (2),11445
Juju hunter potion (1),20026
Cracked cooking urn (nr),20350
Noxious longbow,31733
Carved teak bench,8570
Juju vial of water,19994
Apprentice wand,6910
Uncooked cake,1889
Clockwork,8792
Secateurs,5329
Iron bar,2351
Juju mining potion (3),20004
Wood kitchen table,8528
Amulet of accuracy,1478
Void shifter pouch,12814
Energy mix (1),11455
Fire talisman,1442
Fishing mix (1),11479
Incomplete stew,1997
Fishing flask (6),23267
Bacon stack,28642
Saradomin's blessing flask (6),23173
Slayer respite (m2),5917
Trout,333
Brilliant energy,29321
Rise from the ashes scroll,14622
Dragon 2h sword,7158
Yew logs,1515
Defence potion (3),133
Farseer helm,3755
Off-hand steel dagger,25696
Achey tree logs,2862
Marrentill potion (unf),93
Yew shortbow (u),68
Wine of Zamorak,245
Nature talisman,1462
Sandstone (1kg),6971
Rune bar,2363
Slayer's staff,4170
Blood tiara,5549
Sign of death,31322
Stripy feather,10087
Saradomin's blessing (3),20032
Bucket,1925
Maple stock,9448
Yew roots,6049
Desert camo top,10061
Prayer renewal (1),21636
Raw mackerel,353
Elite black armour set,14527
Chocchip crunchies,2209
Adamant throwing axe,804
Toad batta,2255
Chaos gloves,20466
Attack mix (2),11429
Spring,31613
Purple dye,1773
Part summer pie,7214
Citizen shoes,9644
Sanfew serum (4),10925
Blue beret,2633
Bronze arrow,882
Yew composite bow,10282
Plant pot,5354
Disk of returning,981
Red elegant shirt,10404
Malevolent kiteshield,30014
Willow blackjack (o),6412
Juju farming flask (6),23143
Dark arrow,29617
Ascension crossbow,28437
Ball of wool,1759
Mithril arrowheads,42
Desert top,6388
Staff of air,1381
Iron arrowheads,40
Super Zamorak brew flask (6),28215
Vyrewatch top,9634
Combat robe bottom 0,12983
Dragon full helm ornament kit (sp),19354
Vyrewatch legs,9636
Greenman's ale (1),5787
Sp. guthatrice pouch,12097
Corrupt zuriel's robe bottom,13935
Ascension Keystone Sextus,28455
Gilded bench,8574
Arctic pine logs,10810
Mithril seeds,299
Shoe box,8610
Super restore mix (2),11493
Guthix balance flask (6),23555
Dragon bitter (m),5745
Arrow shaft,52
Corrupt dragon platelegs,13970
Face mask,4164
Stinkbloom,12590
Saradomin stole,10470
Keg of beer,3801
Ugune potion (unf),19999
Ancient ceremonial boots,20133
Nasturtium seed,5098
Uncut red topaz,1629
Thread,1734
Rune platebody (t),2623
Cooking urn (nr),20362
Edible seaweed,403
Red dye,1763
Roast beast meat,9988
Anchovies,319
Iron platebody,1115
Rune platelegs,1079
Bear fur,948
Yellow dye,1765
Magic roots,6051
Polar camo top,10065
Mixture - step 1 (3),10911
Weapon poison flask (3),25515
Abyssal titan pouch,12796
Diseased kebbit fur,12567
Black claw,3098
Teak drawers,8616
Off-hand bronze battleaxe,25761
Decorated mining urn (nr),20404
Dragon platebody,14479
Morchella mushroom,21622
Asgarnian seed,5308
Gardening trowel,5325
Off-hand black longsword,25731
Black kiteshield (g),2597
Crystal dagger,32222
White halberd,6599
Snapdragon seed,5300
Elder shortbow (u),29736
Cave goblin wire,10981
Pie recipe book,7162
Sinister key,993
Super restore (4),3024
Super ranging potion (3),169
Viridian skillchompa,31596
Cooked slimy eel,3381
Ahrim's robe top,4712
Wine of Saradomin,28256
Dragon helm,1149
Fremennik round shield,10826
Bronze scimitar,1321
Yak-hide,10818
Granite shield,3122
Pineapple ring,2118
Guthatrice egg,12111
Hydra pouch,12025
Ward of subjugation,25001
Off-hand bronze knife,25897
Fletching potion (2),14850
Baby dragon bones,534
Premade t'd batta,2221
Gnome spice,2169
Premade ttl,2231
Zamorak body,10370
Team-2 cape,4317
Rune shield (h2),7342
Premade dr' dragon,2032
Statius's full helm,13896
Iron full helm,1153
Teasing stick,10029
Team-6 cape,4325
Oak blackjack (o),6408
White beret,2637
Airut bones,30209
Statius's platelegs,13890
Dragon throwing axe,29543
Adamant scimitar,1331
White bead,1476
Rogue's purse potion (unf),4840
Dragon kiteshield,24365
Curry tree seed,5286
Tzhaar-ket-om,6528
Armadyl platelegs,19416
Enchant dragonstn.,8020
Fragile woodcutting urn (nr),20302
Rune platebody,1127
Mithril armour set (lg),11830
Iron dragon mask,19299
Raw yak meat,10816
Rock-shell plate,6129
Antifire mix (1),11507
Dragonstone helm,28541
Ruby amulet,1698
Willow shieldbow (u),58
Woad seed,5099
Rune shield (h4),7354
Antipoison++ (1),5958
Villager robe,6373
Pizza base,2283
Sliced banana,3162
Sp. pengatrice pouch,12103
Dragon battlestaff,29540
Magic staff,1389
Teak clock,8592
Fletching potion (3),14848
Teak toy box,9850
Adamant plateskirt,1091
Marble block,8786
Green boater,7323
Dragon platelegs/skirt ornament kit (or),19348
Red dragonhide set,11868
Antlers,12204
Antipoison (2),177
Gilded magic wardrobe,9857
Rune minotaur pouch,12083
Super Guthix brew flask (6),28239
Spider silk hood,25835
Antipoison flask (6),23315
Chilli potato,7054
Chaos rune,562
Sapphire bracelet,11072
Diamond amulet,1700
Guthix bow,19146
Grapes,1987
Dragon bitter (4),5809
Off-hand adamant claw,25943
Ivory comb,9026
H.a.m. hood,4302
Premade worm hole,2233
Off-hand iron throwing axe,25904
Ganodermic boots,25980
Grifolic shield,25814
Adamant armour set (lg),11834
Cider (3),5847
Uncooked stew,2001
Gourmet impling jar,11242
Black warhammer,1341
Ibis pouch,12531
Guthix balance (4),7660
Toktz-xil-ak,6523
Cosmic gloves,20464
Bronze javelin,825
Ring mould,1592
Vegetable batta,2281
Rune armour set (lg),11838
Ancient page 4,19611
Bolt rack,4740
Shortbow (u),50
Barbarian assault ticket - wave 3,15466
Emerald necklace,1658
Elder seed,31437
Pernix chaps,20155
Rending scroll,12840
Dragon warhammer,29534
Juju woodcutting potion (3),20016
Bandos kiteshield,19440
Wizard hat,1017
Off-hand bronze dart,25909
Cactus spine,6016
Cooked karambwan,3144
Mud battlestaff,6562
Perfect juju woodcutting potion (2),32755
Enchant onyx,8021
Gilded kiteshield,3488
Zamorak stole,10474
Trousers,5040
Mind tiara,5529
Abyssal drain scroll,12454
Woad leaf,1793
Dust of Armadyl,21774
Oak blackjack (d),6410
Greenman's ale (m2),5869
Menap headgear,6400
Guthix chaps,10380
Cosmic tiara,5539
Pastry dough,1953
Cat staff,19331
Juju mining potion (2),20005
Kyatt fur,10103
Sunchoke seed,28261
Rune platebody (h5),19263
1/2 plain pizza,2291
Rune battleaxe,1373
Off-hand mithril throwing axe,25906
Dragon Rider chaps,30936
Toktz-mej-tal,6526
Roast bird meat,9980
Redberry seed,5101
Potato with butter,6703
Karil's crossbow (broken),4938
Team-7 cape,4327
Pernix body,20151
Tracking gloves,27484
Virtus robe top,20163
Slayer respite (m1),5915
Bones to peaches,8015
Fishing mix (2),11477
Sapphire,1607
Fishing potion (1),155
Static gloves,27481
Adamant halberd,3200
Half an apple pie,2335
Third-age range coif,10334
Maple roots,6047
Defence potion (2),135
Cheese feast scroll,12430
Zamorak bow,19149
Royal shirt,15503
White dagger,6591
Juju woodcutting potion (4),20015
Spicy minced meat,9996
Yew shieldbow (u),66
Sirenic mask,29854
Off-hand mithril dart,25913
Superior ancient mace,32090
